[{"model": "auth.permission", "pk": 1, "fields": {"name": "Can add log entry", "content_type": 1, "codename": "add_logentry"}}, {"model": "auth.permission", "pk": 2, "fields": {"name": "Can change log entry", "content_type": 1, "codename": "change_logentry"}}, {"model": "auth.permission", "pk": 3, "fields": {"name": "Can delete log entry", "content_type": 1, "codename": "delete_logentry"}}, {"model": "auth.permission", "pk": 4, "fields": {"name": "Can view log entry", "content_type": 1, "codename": "view_logentry"}}, {"model": "auth.permission", "pk": 5, "fields": {"name": "Can add permission", "content_type": 2, "codename": "add_permission"}}, {"model": "auth.permission", "pk": 6, "fields": {"name": "Can change permission", "content_type": 2, "codename": "change_permission"}}, {"model": "auth.permission", "pk": 7, "fields": {"name": "Can delete permission", "content_type": 2, "codename": "delete_permission"}}, {"model": "auth.permission", "pk": 8, "fields": {"name": "Can view permission", "content_type": 2, "codename": "view_permission"}}, {"model": "auth.permission", "pk": 9, "fields": {"name": "Can add group", "content_type": 3, "codename": "add_group"}}, {"model": "auth.permission", "pk": 10, "fields": {"name": "Can change group", "content_type": 3, "codename": "change_group"}}, {"model": "auth.permission", "pk": 11, "fields": {"name": "Can delete group", "content_type": 3, "codename": "delete_group"}}, {"model": "auth.permission", "pk": 12, "fields": {"name": "Can view group", "content_type": 3, "codename": "view_group"}}, {"model": "auth.permission", "pk": 13, "fields": {"name": "Can add content type", "content_type": 4, "codename": "add_contenttype"}}, {"model": "auth.permission", "pk": 14, "fields": {"name": "Can change content type", "content_type": 4, "codename": "change_contenttype"}}, {"model": "auth.permission", "pk": 15, "fields": {"name": "Can delete content type", "content_type": 4, "codename": "delete_contenttype"}}, {"model": "auth.permission", "pk": 16, "fields": {"name": "Can view content type", "content_type": 4, "codename": "view_contenttype"}}, {"model": "auth.permission", "pk": 17, "fields": {"name": "Can add session", "content_type": 5, "codename": "add_session"}}, {"model": "auth.permission", "pk": 18, "fields": {"name": "Can change session", "content_type": 5, "codename": "change_session"}}, {"model": "auth.permission", "pk": 19, "fields": {"name": "Can delete session", "content_type": 5, "codename": "delete_session"}}, {"model": "auth.permission", "pk": 20, "fields": {"name": "Can view session", "content_type": 5, "codename": "view_session"}}, {"model": "auth.permission", "pk": 21, "fields": {"name": "Can add registration key", "content_type": 6, "codename": "add_registrationkey"}}, {"model": "auth.permission", "pk": 22, "fields": {"name": "Can change registration key", "content_type": 6, "codename": "change_registrationkey"}}, {"model": "auth.permission", "pk": 23, "fields": {"name": "Can delete registration key", "content_type": 6, "codename": "delete_registrationkey"}}, {"model": "auth.permission", "pk": 24, "fields": {"name": "Can view registration key", "content_type": 6, "codename": "view_registrationkey"}}, {"model": "auth.permission", "pk": 25, "fields": {"name": "Can add user", "content_type": 7, "codename": "add_user"}}, {"model": "auth.permission", "pk": 26, "fields": {"name": "Can change user", "content_type": 7, "codename": "change_user"}}, {"model": "auth.permission", "pk": 27, "fields": {"name": "Can delete user", "content_type": 7, "codename": "delete_user"}}, {"model": "auth.permission", "pk": 28, "fields": {"name": "Can view user", "content_type": 7, "codename": "view_user"}}, {"model": "auth.permission", "pk": 29, "fields": {"name": "Can add feedback", "content_type": 8, "codename": "add_feedback"}}, {"model": "auth.permission", "pk": 30, "fields": {"name": "Can change feedback", "content_type": 8, "codename": "change_feedback"}}, {"model": "auth.permission", "pk": 31, "fields": {"name": "Can delete feedback", "content_type": 8, "codename": "delete_feedback"}}, {"model": "auth.permission", "pk": 32, "fields": {"name": "Can view feedback", "content_type": 8, "codename": "view_feedback"}}, {"model": "auth.permission", "pk": 33, "fields": {"name": "Can add service", "content_type": 9, "codename": "add_service"}}, {"model": "auth.permission", "pk": 34, "fields": {"name": "Can change service", "content_type": 9, "codename": "change_service"}}, {"model": "auth.permission", "pk": 35, "fields": {"name": "Can delete service", "content_type": 9, "codename": "delete_service"}}, {"model": "auth.permission", "pk": 36, "fields": {"name": "Can view service", "content_type": 9, "codename": "view_service"}}, {"model": "auth.permission", "pk": 37, "fields": {"name": "Can add saved recommendation", "content_type": 10, "codename": "add_savedrecommendation"}}, {"model": "auth.permission", "pk": 38, "fields": {"name": "Can change saved recommendation", "content_type": 10, "codename": "change_savedrecommendation"}}, {"model": "auth.permission", "pk": 39, "fields": {"name": "Can delete saved recommendation", "content_type": 10, "codename": "delete_savedrecommendation"}}, {"model": "auth.permission", "pk": 40, "fields": {"name": "Can view saved recommendation", "content_type": 10, "codename": "view_savedrecommendation"}}, {"model": "contenttypes.contenttype", "pk": 1, "fields": {"app_label": "admin", "model": "logentry"}}, {"model": "contenttypes.contenttype", "pk": 2, "fields": {"app_label": "auth", "model": "permission"}}, {"model": "contenttypes.contenttype", "pk": 3, "fields": {"app_label": "auth", "model": "group"}}, {"model": "contenttypes.contenttype", "pk": 4, "fields": {"app_label": "contenttypes", "model": "contenttype"}}, {"model": "contenttypes.contenttype", "pk": 5, "fields": {"app_label": "sessions", "model": "session"}}, {"model": "contenttypes.contenttype", "pk": 6, "fields": {"app_label": "accounts", "model": "registrationkey"}}, {"model": "contenttypes.contenttype", "pk": 7, "fields": {"app_label": "accounts", "model": "user"}}, {"model": "contenttypes.contenttype", "pk": 8, "fields": {"app_label": "feedback", "model": "feedback"}}, {"model": "contenttypes.contenttype", "pk": 9, "fields": {"app_label": "feedback", "model": "service"}}, {"model": "contenttypes.contenttype", "pk": 10, "fields": {"app_label": "insights", "model": "savedrecommendation"}}, {"model": "sessions.session", "pk": "0qd2fha2t8uy22h99wgqu7mx8n65s2x6", "fields": {"session_data": ".eJxVjMsOwiAQRf-FtSGUUh4u3fsNZGYYpGogKe3K-O_apAvd3nPOfYkI21ri1nmJcxJnocXpd0OgB9cdpDvUW5PU6rrMKHdFHrTLa0v8vBzu30GBXr41glHD6AHYZq_cGAJBphSymtihQjex0ZyzdiOhCt5mQu0JnfXg7WDE-wP_ADhw:1u7zgK:h7ApvRbKtusnslaIY3oJFcTApq24UH6FMeenwyAzQ0E", "expire_date": "2025-05-08T16:44:12.988Z"}}, {"model": "sessions.session", "pk": "0rgpabhbo7f3e9e32wbbtsrd5cvtiom2", "fields": {"session_data": ".eJxVjMsOwiAQRf-FtSGUUh4u3fsNZGYYpGogKe3K-O_apAvd3nPOfYkI21ri1nmJcxJnocXpd0OgB9cdpDvUW5PU6rrMKHdFHrTLa0v8vBzu30GBXr41glHD6AHYZq_cGAJBphSymtihQjex0ZyzdiOhCt5mQu0JnfXg7WDE-wP_ADhw:1u7ry1:sspTPxp7c3mCJm6-AVZZoDeLGKE13n6tO-bYfZZKhCU", "expire_date": "2025-05-08T08:29:57.064Z"}}, {"model": "sessions.session", "pk": "0zqp16jxko5zfg88feq8qmnlqeiuhzdd", "fields": {"session_data": ".eJxVjMsOwiAQRf-FtSGUUh4u3fsNZGYYpGogKe3K-O_apAvd3nPOfYkI21ri1nmJcxJnocXpd0OgB9cdpDvUW5PU6rrMKHdFHrTLa0v8vBzu30GBXr41glHD6AHYZq_cGAJBphSymtihQjex0ZyzdiOhCt5mQu0JnfXg7WDE-wP_ADhw:1uIpwj:vyyOl4JQJhCITjXQw8mb_30dIKLEN_dXbdzRQYeifGE", "expire_date": "2025-06-07T14:33:57.058Z"}}, {"model": "sessions.session", "pk": "3d1cbrjt51t9ven5s0jxuxy6tl9xe7ah", "fields": {"session_data": ".eJxVjMsOwiAQRf-FtSGUUh4u3fsNZGYYpGogKe3K-O_apAvd3nPOfYkI21ri1nmJcxJnocXpd0OgB9cdpDvUW5PU6rrMKHdFHrTLa0v8vBzu30GBXr41glHD6AHYZq_cGAJBphSymtihQjex0ZyzdiOhCt5mQu0JnfXg7WDE-wP_ADhw:1u7zmX:tGL3Syb05o4F-YmrS6y9WqqMS_YycjRu1yRntpS42Zw", "expire_date": "2025-05-08T16:50:37.722Z"}}, {"model": "sessions.session", "pk": "44opet30yhty4rwkl1jzlpbz9i622sgr", "fields": {"session_data": ".eJxVjMsOwiAQRf-FtSGUUh4u3fsNZGYYpGogKe3K-O_apAvd3nPOfYkI21ri1nmJcxJnocXpd0OgB9cdpDvUW5PU6rrMKHdFHrTLa0v8vBzu30GBXr41glHD6AHYZq_cGAJBphSymtihQjex0ZyzdiOhCt5mQu0JnfXg7WDE-wP_ADhw:1u81Ch:peey-zc_I5jUjNuPbDRO4SsiBvJgWtXKd2eZvQJ3Uc0", "expire_date": "2025-05-08T18:21:43.091Z"}}, {"model": "sessions.session", "pk": "4peticfddjvu8t2czxpdrp7v3rfarvw8", "fields": {"session_data": ".eJxVjEEOwiAQRe_C2pABSgCX7j0DGYapVA0kpV013t026UK3_733NxFxXUpcO89xyuIqtBGX3zEhvbgeJD-xPpqkVpd5SvJQ5Em7vLfM79vp_h0U7GWvQXP2Y-JM3iZ2KhjPAxhMqGH0QKAI7BACaQLnHRHtvjWKtFVBoRWfLx1rOCY:1uIcHb:5Y1QEiJDDKzE2xKvtv3LeaBoeHmVldXqrvz8hcP1n1E", "expire_date": "2025-06-06T23:58:35.456Z"}}, {"model": "sessions.session", "pk": "4vp7mm041q4sps5tmsvomb1n97mqa9al", "fields": {"session_data": ".eJxVjDsOwjAQBe_iGlnx36ak5wzRer2LA8iW8qkQd4dIKaB9M_NeYoRtreO20DxORZyFVuL0O2bAB7WdlDu0W5fY2zpPWe6KPOgir73Q83K4fwcVlvqtwaEDn3RkZShE1GmwAIYp64LMgdmYFAabjddMlpSLyDmg9VyC8yjeHx32ONg:1uI7nu:AJIKy0qw8D5gnqpbRBP0akKTTDce2TO6WR64xoMYNic", "expire_date": "2025-06-05T15:25:54.525Z"}}, {"model": "sessions.session", "pk": "6gro25r7i2o787ibv50046e3caxeyxz4", "fields": {"session_data": ".eJxVjMsOwiAQRf-FtSGUUh4u3fsNZGYYpGogKe3K-O_apAvd3nPOfYkI21ri1nmJcxJnocXpd0OgB9cdpDvUW5PU6rrMKHdFHrTLa0v8vBzu30GBXr41glHD6AHYZq_cGAJBphSymtihQjex0ZyzdiOhCt5mQu0JnfXg7WDE-wP_ADhw:1u43g5:GMxGLuCS0eQSul-_JQTLUZzmxzsshlobg_Mc6R1gl8U", "expire_date": "2025-04-27T20:11:41.263Z"}}, {"model": "sessions.session", "pk": "6lijrp272sw8dlvui4ejototem6746ne", "fields": {"session_data": ".eJxVjMsOwiAQRf-FtSGUUh4u3fsNZGYYpGogKe3K-O_apAvd3nPOfYkI21ri1nmJcxJnocXpd0OgB9cdpDvUW5PU6rrMKHdFHrTLa0v8vBzu30GBXr41glHD6AHYZq_cGAJBphSymtihQjex0ZyzdiOhCt5mQu0JnfXg7WDE-wP_ADhw:1u43fR:ky_4p_O72blRtryCwThvyX6FItM-pye-vSrzYSSZanw", "expire_date": "2025-04-27T20:11:01.249Z"}}, {"model": "sessions.session", "pk": "6xa062m31otslsmhug2q16rw6oq36wch", "fields": {"session_data": "e30:1u7grt:CzT8qjtAWBZXnlJfue-iY8ZZd07qkuMlZ6JHf8Khl3A", "expire_date": "2025-05-07T20:38:53.630Z"}}, {"model": "sessions.session", "pk": "91awm8m05r34t0uat83u0s1u7hvkevyw", "fields": {"session_data": ".eJxVjMsOwiAQRf-FtSGUUh4u3fsNZGYYpGogKe3K-O_apAvd3nPOfYkI21ri1nmJcxJnocXpd0OgB9cdpDvUW5PU6rrMKHdFHrTLa0v8vBzu30GBXr41glHD6AHYZq_cGAJBphSymtihQjex0ZyzdiOhCt5mQu0JnfXg7WDE-wP_ADhw:1u7rya:pt8TsEDIGRnXj7Hq_AKq5TShHUOMioGPKBAIQYyonoA", "expire_date": "2025-05-08T08:30:32.988Z"}}, {"model": "sessions.session", "pk": "99stpm8bwfn8b6wvo8u4frijswktn2wf", "fields": {"session_data": ".eJxVjMsOwiAQRf-FtSGUUh4u3fsNZGYYpGogKe3K-O_apAvd3nPOfYkI21ri1nmJcxJnocXpd0OgB9cdpDvUW5PU6rrMKHdFHrTLa0v8vBzu30GBXr41glHD6AHYZq_cGAJBphSymtihQjex0ZyzdiOhCt5mQu0JnfXg7WDE-wP_ADhw:1u7h32:CsAF9AAVVojpWIupf2KluuCp9XXqz_7S_dFM7VgIOF8", "expire_date": "2025-05-07T20:50:24.850Z"}}, {"model": "sessions.session", "pk": "alpfgdwr0syrzvjawjccc7cgilofiifl", "fields": {"session_data": ".eJxVjMsOwiAQRf-FtSGUUh4u3fsNZGYYpGogKe3K-O_apAvd3nPOfYkI21ri1nmJcxJnocXpd0OgB9cdpDvUW5PU6rrMKHdFHrTLa0v8vBzu30GBXr41glHD6AHYZq_cGAJBphSymtihQjex0ZyzdiOhCt5mQu0JnfXg7WDE-wP_ADhw:1u7h8u:96vF5iKceFrdOC4Ni0WCki8cocyR8gCekduTpdpBzl0", "expire_date": "2025-05-07T20:56:28.143Z"}}, {"model": "sessions.session", "pk": "d5ojilytdxxjr4o8twd2jgsw4yi4mlf0", "fields": {"session_data": ".eJxVjMsOwiAQRf-FtSGUUh4u3fsNZGYYpGogKe3K-O_apAvd3nPOfYkI21ri1nmJcxJnocXpd0OgB9cdpDvUW5PU6rrMKHdFHrTLa0v8vBzu30GBXr41glHD6AHYZq_cGAJBphSymtihQjex0ZyzdiOhCt5mQu0JnfXg7WDE-wP_ADhw:1u5B6O:sjhdiFDYLFPWZ1YifIjw27mS3XhZmj5-6vROKCiTJkQ", "expire_date": "2025-04-30T22:19:28.195Z"}}, {"model": "sessions.session", "pk": "d6ke7wk3d0xzdzz2n7kcwuka63lze94t", "fields": {"session_data": ".eJxVjMsOwiAQRf-FtSGUUh4u3fsNZGYYpGogKe3K-O_apAvd3nPOfYkI21ri1nmJcxJnocXpd0OgB9cdpDvUW5PU6rrMKHdFHrTLa0v8vBzu30GBXr41glHD6AHYZq_cGAJBphSymtihQjex0ZyzdiOhCt5mQu0JnfXg7WDE-wP_ADhw:1u7ZV3:XDmaN8UIQDUnDPzdGRclqmLBoVezuWLaL7lrld6KEDI", "expire_date": "2025-05-07T12:46:49.221Z"}}, {"model": "sessions.session", "pk": "dhnav0362c5burtz6b5enlg5d4e0quad", "fields": {"session_data": ".eJxVjMsOwiAQRf-FtSGUUh4u3fsNZGYYpGogKe3K-O_apAvd3nPOfYkI21ri1nmJcxJnocXpd0OgB9cdpDvUW5PU6rrMKHdFHrTLa0v8vBzu30GBXr41glHD6AHYZq_cGAJBphSymtihQjex0ZyzdiOhCt5mQu0JnfXg7WDE-wP_ADhw:1u4399:Y6ndMcjYVoVrdRV3trT7DvoNFFEifDH4e0tUl3mGG80", "expire_date": "2025-04-27T19:37:39.920Z"}}, {"model": "sessions.session", "pk": "eaa8ia9z4bj3wseczkzrspgtm6e0iqa7", "fields": {"session_data": ".eJxVjMsOwiAQRf-FtSGUUh4u3fsNZGYYpGogKe3K-O_apAvd3nPOfYkI21ri1nmJcxJnocXpd0OgB9cdpDvUW5PU6rrMKHdFHrTLa0v8vBzu30GBXr41glHD6AHYZq_cGAJBphSymtihQjex0ZyzdiOhCt5mQu0JnfXg7WDE-wP_ADhw:1u439S:9M9icdbMDtB08MsLcVuckt2-gx5o7FWayUb3JBhr7fk", "expire_date": "2025-04-27T19:37:58.203Z"}}, {"model": "sessions.session", "pk": "ehuyf8l76eoy2ud6utahxydiltmbmiyt", "fields": {"session_data": ".eJxVjMsOwiAQRf-FtSGUUh4u3fsNZGYYpGogKe3K-O_apAvd3nPOfYkI21ri1nmJcxJnocXpd0OgB9cdpDvUW5PU6rrMKHdFHrTLa0v8vBzu30GBXr41glHD6AHYZq_cGAJBphSymtihQjex0ZyzdiOhCt5mQu0JnfXg7WDE-wP_ADhw:1u7gk1:dWURhptW6WedzjlJVhnJTBq0Z_RPG6nStaC7Oy_5YVw", "expire_date": "2025-05-07T20:30:45.578Z"}}, {"model": "sessions.session", "pk": "epby38ny774ss2d1poq5syf873pd3c39", "fields": {"session_data": ".eJxVjMsOwiAQRf-FtSGUUh4u3fsNZGYYpGogKe3K-O_apAvd3nPOfYkI21ri1nmJcxJnocXpd0OgB9cdpDvUW5PU6rrMKHdFHrTLa0v8vBzu30GBXr41glHD6AHYZq_cGAJBphSymtihQjex0ZyzdiOhCt5mQu0JnfXg7WDE-wP_ADhw:1u7gsz:KdIE2PUGqeMWMBZJu15-4JXY_CDVk0Z14yoj6zeJZ3s", "expire_date": "2025-05-07T20:40:01.211Z"}}, {"model": "sessions.session", "pk": "gd572b4xym11fx0tmmcs1yay6ys7jhp0", "fields": {"session_data": ".eJxVjMsOwiAQRf-FtSGUUh4u3fsNZGYYpGogKe3K-O_apAvd3nPOfYkI21ri1nmJcxJnocXpd0OgB9cdpDvUW5PU6rrMKHdFHrTLa0v8vBzu30GBXr41glHD6AHYZq_cGAJBphSymtihQjex0ZyzdiOhCt5mQu0JnfXg7WDE-wP_ADhw:1u438L:hMphEzEjBQkGBViw71yePJFDwOkUbbZamvpNn-eRq4Y", "expire_date": "2025-04-27T19:36:49.945Z"}}, {"model": "sessions.session", "pk": "gm3otrc4qrxr8wdv1t76druap4d9e6u9", "fields": {"session_data": ".eJxVjMsOwiAQRf-FtSGUUh4u3fsNZGYYpGogKe3K-O_apAvd3nPOfYkI21ri1nmJcxJnocXpd0OgB9cdpDvUW5PU6rrMKHdFHrTLa0v8vBzu30GBXr41glHD6AHYZq_cGAJBphSymtihQjex0ZyzdiOhCt5mQu0JnfXg7WDE-wP_ADhw:1u438d:x8pzLdS4ymLvZA9ooZfQ55WqmYsH0bs_gVEsZdo2a_Q", "expire_date": "2025-04-27T19:37:07.059Z"}}, {"model": "sessions.session", "pk": "hp9z6lo432uzn7zx06l9xi6ar78x7snu", "fields": {"session_data": ".eJxVjMsOwiAQRf-FtSGUUh4u3fsNZGYYpGogKe3K-O_apAvd3nPOfYkI21ri1nmJcxJnocXpd0OgB9cdpDvUW5PU6rrMKHdFHrTLa0v8vBzu30GBXr41glHD6AHYZq_cGAJBphSymtihQjex0ZyzdiOhCt5mQu0JnfXg7WDE-wP_ADhw:1u7hzb:hXK9vNirGLy1CXDEb3L7BcSocabZTutsLz2dqqAtqAg", "expire_date": "2025-05-07T21:50:55.318Z"}}, {"model": "sessions.session", "pk": "ndwdan537yajghs641vneh15bshga4o5", "fields": {"session_data": ".eJxVjMsOwiAQRf-FtSHyKuDSvd9ABoaRqoGktCvjv0uTLnR7zrn3zQJsawlbz0uYkV2YYqdfFiE9c90FPqDeG0-trssc-Z7ww3Z-a5hf16P9OyjQy1hbQd6YSWpBNp4pOksepATIbmCvrVWeIk0ghcY4mDNKO4suCSShgX2-zY03ZA:1u43gx:QajxqopyMOUmtgA9MHtvWd6hGo8R2_y5Q24T9hhtaSY", "expire_date": "2025-04-27T20:12:35.326Z"}}, {"model": "sessions.session", "pk": "nrajz7hp7e6z43156hrta3b91khg0wg6", "fields": {"session_data": ".eJxVjMsOwiAQRf-FtSGUUh4u3fsNZGYYpGogKe3K-O_apAvd3nPOfYkI21ri1nmJcxJnocXpd0OgB9cdpDvUW5PU6rrMKHdFHrTLa0v8vBzu30GBXr41glHD6AHYZq_cGAJBphSymtihQjex0ZyzdiOhCt5mQu0JnfXg7WDE-wP_ADhw:1u7zQo:Sy1nNM_lQnsPswKlxYdrlBnRelrMDscfC663WxlpbSw", "expire_date": "2025-05-08T16:28:10.564Z"}}, {"model": "sessions.session", "pk": "ok65ipxl8us0d9rlmozpkf9qbc3nwgbn", "fields": {"session_data": ".eJxVjMsOwiAQRf-FtSGUUh4u3fsNZGYYpGogKe3K-O_apAvd3nPOfYkI21ri1nmJcxJnocXpd0OgB9cdpDvUW5PU6rrMKHdFHrTLa0v8vBzu30GBXr41glHD6AHYZq_cGAJBphSymtihQjex0ZyzdiOhCt5mQu0JnfXg7WDE-wP_ADhw:1uIulG:kPnxv61hzkKpDw8eV3pZEdx2etJDHpWrglaVxck1gp4", "expire_date": "2025-06-07T19:42:26.963Z"}}, {"model": "sessions.session", "pk": "p9snrtwswn8pa322ql3qst48seicl6ed", "fields": {"session_data": ".eJxVjMsOwiAQRf-FtSGUUh4u3fsNZGYYpGogKe3K-O_apAvd3nPOfYkI21ri1nmJcxJnocXpd0OgB9cdpDvUW5PU6rrMKHdFHrTLa0v8vBzu30GBXr41glHD6AHYZq_cGAJBphSymtihQjex0ZyzdiOhCt5mQu0JnfXg7WDE-wP_ADhw:1u7giT:jlcMR9hPLNtSjLa1HbDrmzTOkhHlYReZb8jeVe6fUWA", "expire_date": "2025-05-07T20:29:09.862Z"}}, {"model": "sessions.session", "pk": "tlwk3nem0g7m2nk6f8gya7kqyshgkyzk", "fields": {"session_data": "e30:1u7grh:OUf8D_xWs2iPPgfUZUeJz4FeVYW2FAgFdg4oP9yLxwA", "expire_date": "2025-05-07T20:38:41.134Z"}}, {"model": "sessions.session", "pk": "u89i4rxcso948kqg8vkfxyxjso3uix6k", "fields": {"session_data": ".eJxVjMsOwiAQRf-FtSGUUh4u3fsNZGYYpGogKe3K-O_apAvd3nPOfYkI21ri1nmJcxJnocXpd0OgB9cdpDvUW5PU6rrMKHdFHrTLa0v8vBzu30GBXr41glHD6AHYZq_cGAJBphSymtihQjex0ZyzdiOhCt5mQu0JnfXg7WDE-wP_ADhw:1u43AI:M6NvZwCEay6UnFI9YREG0WvAZ-GZ0Xqp9rxBvF2zJyE", "expire_date": "2025-04-27T19:38:50.356Z"}}, {"model": "sessions.session", "pk": "vm8xdlhlztohczp1vpr60sdnnz4kfk3b", "fields": {"session_data": ".eJxVjMsOwiAQRf-FtSGUUh4u3fsNZGYYpGogKe3K-O_apAvd3nPOfYkI21ri1nmJcxJnocXpd0OgB9cdpDvUW5PU6rrMKHdFHrTLa0v8vBzu30GBXr41glHD6AHYZq_cGAJBphSymtihQjex0ZyzdiOhCt5mQu0JnfXg7WDE-wP_ADhw:1uHWeR:HN-7UUxJLCoIu1UQ9BQe1sg8vrA_NESe1symSGQKfNU", "expire_date": "2025-06-03T23:45:39.596Z"}}, {"model": "sessions.session", "pk": "we52cduc6esest4casv11wnubllerskc", "fields": {"session_data": ".eJxVjMsOwiAQRf-FtSGUUh4u3fsNZGYYpGogKe3K-O_apAvd3nPOfYkI21ri1nmJcxJnocXpd0OgB9cdpDvUW5PU6rrMKHdFHrTLa0v8vBzu30GBXr41glHD6AHYZq_cGAJBphSymtihQjex0ZyzdiOhCt5mQu0JnfXg7WDE-wP_ADhw:1u6zXy:BnGPMcUKl2EqVj00Lk7Ofdp9Yc-ikpKuOGARYTgkruw", "expire_date": "2025-05-05T22:23:26.248Z"}}, {"model": "sessions.session", "pk": "xca74xju86ib21zfbf4psxud3i4967mb", "fields": {"session_data": ".eJxVjMsOwiAQRf-FtSGUUh4u3fsNZGYYpGogKe3K-O_apAvd3nPOfYkI21ri1nmJcxJnocXpd0OgB9cdpDvUW5PU6rrMKHdFHrTLa0v8vBzu30GBXr41glHD6AHYZq_cGAJBphSymtihQjex0ZyzdiOhCt5mQu0JnfXg7WDE-wP_ADhw:1u5uFm:GicIV0EH_Q7C1RcJ-YoRBWuvbvZm5nTgL3ChU96GQdY", "expire_date": "2025-05-02T22:32:10.994Z"}}, {"model": "sessions.session", "pk": "xq0vmtlr3ehty95fitt35pwstr6t020e", "fields": {"session_data": ".eJxVjMsOwiAQRf-FtSGUUh4u3fsNZGYYpGogKe3K-O_apAvd3nPOfYkI21ri1nmJcxJnocXpd0OgB9cdpDvUW5PU6rrMKHdFHrTLa0v8vBzu30GBXr41glHD6AHYZq_cGAJBphSymtihQjex0ZyzdiOhCt5mQu0JnfXg7WDE-wP_ADhw:1u80Ev:uMMKGRLGC4klgrGRUc8QPUkqnNGzbvIa106jP4ySSAk", "expire_date": "2025-05-08T17:19:57.301Z"}}, {"model": "sessions.session", "pk": "zbkk5ttjwtdtbsaqdtqhrq2ak170lp8f", "fields": {"session_data": ".eJxVjMsOwiAQRf-FtSGUUh4u3fsNZGYYpGogKe3K-O_apAvd3nPOfYkI21ri1nmJcxJnocXpd0OgB9cdpDvUW5PU6rrMKHdFHrTLa0v8vBzu30GBXr41glHD6AHYZq_cGAJBphSymtihQjex0ZyzdiOhCt5mQu0JnfXg7WDE-wP_ADhw:1uHWeS:OYFUOO2VxSmA5tE6VqEdgXqq6ZW1hrX7pLe0jtZ5Ptc", "expire_date": "2025-06-03T23:45:40.788Z"}}, {"model": "accounts.user", "pk": 1, "fields": {"password": "pbkdf2_sha256$870000$jDugq0JSyBa9oVXY14MksU$LsRdY5Wo6g9UgSCXnPKIsT/RzQVyUksRHYvjzfw1PiA=", "last_login": null, "is_superuser": true, "username": "admin1", "first_name": "", "last_name": "9", "email": "", "is_staff": false, "is_active": true, "date_joined": "2025-04-12T19:12:14.486Z", "phone_number": null, "role": "admin", "number_of_farmers": 2, "address": null, "active_services": [], "groups": [], "user_permissions": []}}, {"model": "accounts.user", "pk": 2, "fields": {"password": "pbkdf2_sha256$870000$2asQS4CHSIuoaI06nPPphy$Jqd7zN2nhaaDS9wxTmzq78L5e07lGabQpF06nirh0cY=", "last_login": "2025-05-24T19:42:26.890Z", "is_superuser": true, "username": "admin", "first_name": "", "last_name": "9", "email": "", "is_staff": false, "is_active": true, "date_joined": "2025-04-12T19:12:55.066Z", "phone_number": null, "role": "admin", "number_of_farmers": 2, "address": null, "active_services": [], "groups": [], "user_permissions": []}}, {"model": "accounts.user", "pk": 3, "fields": {"password": "pbkdf2_sha256$870000$XtOM3GNKr1GUCvfHe7pX5j$cjA5MtIKxGlViWFLSjnkTJOXuKUkjCWWVlrrFmV1kPQ=", "last_login": "2025-05-18T18:09:22.585Z", "is_superuser": false, "username": "mebt", "first_name": "", "last_name": "", "email": "", "is_staff": false, "is_active": true, "date_joined": "2025-04-12T20:22:05.198Z", "phone_number": "0912345678", "role": "admin", "number_of_farmers": null, "address": null, "active_services": [], "groups": [], "user_permissions": []}}, {"model": "accounts.user", "pk": 4, "fields": {"password": "pbkdf2_sha256$870000$886sQhD0BBRGggpAP55egv$vkQTJkBPGNwGshaSpqKPOfQ0bj7GVbEVxm20iwIuGFw=", "last_login": null, "is_superuser": false, "username": "mebt1", "first_name": "", "last_name": "", "email": "", "is_staff": false, "is_active": true, "date_joined": "2025-04-12T20:33:54.102Z", "phone_number": "0912345678", "role": "admin", "number_of_farmers": null, "address": null, "active_services": [], "groups": [], "user_permissions": []}}, {"model": "accounts.user", "pk": 5, "fields": {"password": "pbkdf2_sha256$870000$JYt7SHTYcv4IXD9ebSek0c$OqCTC/LvWJLAUCOhx/F1fzaQR/HvX1sgLT6YwBwRIwQ=", "last_login": "2025-05-19T13:32:19.341Z", "is_superuser": false, "username": "miki", "first_name": "", "last_name": "", "email": "", "is_staff": false, "is_active": true, "date_joined": "2025-04-13T20:14:19.931Z", "phone_number": "0912345675", "role": "admin", "number_of_farmers": null, "address": null, "active_services": [], "groups": [], "user_permissions": []}}, {"model": "accounts.user", "pk": 6, "fields": {"password": "pbkdf2_sha256$870000$KYGenE9z8Nhumj21TbwzPR$Oguf1UqbaLyJ3QxjUvNA9kSaAEXeO3KL7UnPlNxl3CA=", "last_login": "2025-05-23T21:14:25.248Z", "is_superuser": false, "username": "hailu", "first_name": "", "last_name": "", "email": "", "is_staff": false, "is_active": true, "date_joined": "2025-05-18T12:28:19.721Z", "phone_number": "0912345677", "role": "cooperative", "number_of_farmers": 20, "address": "haramaya", "active_services": [4, 5, 2, 6, 1, 9, 10, 11, 12], "groups": [], "user_permissions": []}}, {"model": "accounts.user", "pk": 7, "fields": {"password": "pbkdf2_sha256$870000$W3eRHs1GKN5tEOxWB8qx7J$e93G6LZs8M7v7BY/U2FiVtv3TZs4/JuMpSP2gLtb/AA=", "last_login": "2025-05-23T20:23:13.246Z", "is_superuser": false, "username": "lkj", "first_name": "", "last_name": "", "email": "", "is_staff": false, "is_active": true, "date_joined": "2025-05-18T12:39:06.737Z", "phone_number": "0912121212", "role": "cooperative", "number_of_farmers": 99, "address": "haramaya", "active_services": [5, 1, 6, 2, 9, 10, 11, 12], "groups": [], "user_permissions": []}}, {"model": "accounts.user", "pk": 8, "fields": {"password": "pbkdf2_sha256$870000$cAo2JmZYGP9d4xgRWrgf1Q$2DZc7PWi+vZ2tUu1QvBzTb4Uh1HxA9wBh5FnJRu/CGE=", "last_login": "2025-05-23T21:26:16.371Z", "is_superuser": false, "username": "0921212121", "first_name": "miki", "last_name": "hailu", "email": "", "is_staff": false, "is_active": true, "date_joined": "2025-05-19T13:31:57.604Z", "phone_number": "0921212121", "role": "farmer", "number_of_farmers": null, "address": "haramaya", "active_services": [1, 2, 3], "groups": [], "user_permissions": []}}, {"model": "accounts.user", "pk": 9, "fields": {"password": "pbkdf2_sha256$870000$7QCRLTPM0Tn9nqc3bdcJIx$4kaIDliQ80oNZbyTYxJcZHFS+J7x1c3SHLAEd/RcwXE=", "last_login": "2025-05-24T18:38:50.608Z", "is_superuser": false, "username": "primarycoop 1", "first_name": "", "last_name": "", "email": "", "is_staff": false, "is_active": true, "date_joined": "2025-05-19T16:35:22.025Z", "phone_number": "0912345678", "role": "cooperative", "number_of_farmers": 50, "address": "bate", "active_services": [6, 10, 9, 11, 2, 1, 12], "groups": [], "user_permissions": []}}, {"model": "accounts.user", "pk": 10, "fields": {"password": "pbkdf2_sha256$870000$b6Qbo7TDhWCZCkuhaVQACq$ot4lf4gwb+9sjPLDNB51d661jARoOOa7ezh0dZMspng=", "last_login": null, "is_superuser": false, "username": "primarycoop 2", "first_name": "", "last_name": "", "email": "", "is_staff": false, "is_active": true, "date_joined": "2025-05-19T16:37:59.987Z", "phone_number": "0912345678", "role": "cooperative", "number_of_farmers": 68, "address": "chelenko", "active_services": [10, 2, 9, 11, 6, 1, 12], "groups": [], "user_permissions": []}}, {"model": "accounts.user", "pk": 11, "fields": {"password": "pbkdf2_sha256$870000$12pBcX96d5IXuXQnfyZ3Fc$iOQvr9pW9az6NdAnfsJqTelxGAzHekBX2OF7MqSTAas=", "last_login": null, "is_superuser": false, "username": "primarycoop 3", "first_name": "", "last_name": "", "email": "", "is_staff": false, "is_active": true, "date_joined": "2025-05-19T16:41:22.955Z", "phone_number": "0912345978", "role": "cooperative", "number_of_farmers": 68, "address": "babile", "active_services": [9, 1, 2, 6, 10, 11, 12], "groups": [], "user_permissions": []}}, {"model": "accounts.user", "pk": 12, "fields": {"password": "pbkdf2_sha256$870000$Es5KqY8hKjaIhbuzGZmAYo$SxfrJj4iHoGV9Zfai1RXA1PcKlBYojFxqlxyWiVSoeM=", "last_login": null, "is_superuser": false, "username": "primarycoop 4", "first_name": "", "last_name": "", "email": "", "is_staff": false, "is_active": true, "date_joined": "2025-05-19T16:48:48.677Z", "phone_number": "0912345644", "role": "cooperative", "number_of_farmers": 105, "address": "harar", "active_services": [1, 10, 9, 11, 6, 2, 12], "groups": [], "user_permissions": []}}, {"model": "accounts.user", "pk": 13, "fields": {"password": "pbkdf2_sha256$870000$QigeL9nv3sLHvJ6iwGwsb6$DwVuI+shNch3+aZcjZM7Y+18w7zuW9eA6dXSTCzZZpw=", "last_login": "2025-05-20T23:29:09.063Z", "is_superuser": false, "username": "primarycoop 5", "first_name": "", "last_name": "", "email": "", "is_staff": false, "is_active": true, "date_joined": "2025-05-19T21:44:27.429Z", "phone_number": "0912345677", "role": "cooperative", "number_of_farmers": 543, "address": "dire dawa", "active_services": [2, 6, 10, 11, 9, 1, 12], "groups": [], "user_permissions": []}}, {"model": "accounts.user", "pk": 14, "fields": {"password": "pbkdf2_sha256$870000$LuNRzKg5z9TF4zsgtepYJL$y9THTwYxI/f893cN71mI2TowfPTi7ryBd4n0HoYtTA8=", "last_login": "2025-05-22T15:00:02.725Z", "is_superuser": false, "username": "0912345675", "first_name": "mebt", "last_name": "primarycoop 1", "email": "", "is_staff": false, "is_active": true, "date_joined": "2025-05-19T23:06:36.960Z", "phone_number": "0912345675", "role": "farmer", "number_of_farmers": null, "address": "bate", "active_services": [6, 10, 9, 2, 11, 1], "groups": [], "user_permissions": []}}, {"model": "accounts.user", "pk": 15, "fields": {"password": "pbkdf2_sha256$870000$xMymaB4yWlDZbz7pjtWfQP$yNUN9FgwkrsTdwkHYcci+SZspdSliP3Nu1nAuOM53mQ=", "last_login": "2025-05-22T15:01:05.303Z", "is_superuser": false, "username": "0911221122", "first_name": "gech", "last_name": "primarycoop 1", "email": "", "is_staff": false, "is_active": true, "date_joined": "2025-05-19T23:08:40.544Z", "phone_number": "0911221122", "role": "farmer", "number_of_farmers": null, "address": "bate", "active_services": [10, 2, 6, 11, 9, 1], "groups": [], "user_permissions": []}}, {"model": "accounts.user", "pk": 16, "fields": {"password": "pbkdf2_sha256$870000$8evm1ASzx4PzMydh4HUzyi$jwHmMGFl07SkdEbJ4t/X4mgOJBnJ8RgYRcImZWxH8/w=", "last_login": "2025-05-22T19:18:25.624Z", "is_superuser": false, "username": "primarycoop 6", "first_name": "", "last_name": "", "email": "", "is_staff": false, "is_active": true, "date_joined": "2025-05-19T23:43:28.967Z", "phone_number": "0921212121", "role": "cooperative", "number_of_farmers": 43, "address": "hirna", "active_services": [1, 2, 10, 11, 9, 6, 12], "groups": [], "user_permissions": []}}, {"model": "accounts.user", "pk": 17, "fields": {"password": "pbkdf2_sha256$870000$VZ04nVkLa9cUbPfC1LSVpQ$S4KULeYQ1f8TJWYrPSNcwhm3udPd/oJ2uMRZwBjfT8M=", "last_login": "2025-05-24T14:55:33.641Z", "is_superuser": false, "username": "0973921904", "first_name": "fira", "last_name": "primarycoop 6", "email": "", "is_staff": false, "is_active": true, "date_joined": "2025-05-19T23:45:00.028Z", "phone_number": "0973921904", "role": "farmer", "number_of_farmers": null, "address": "hirna", "active_services": [1, 2, 6, 9, 10, 11], "groups": [], "user_permissions": []}}, {"model": "accounts.user", "pk": 18, "fields": {"password": "pbkdf2_sha256$870000$4J2AcicPt0sSw2f02Mf8fa$bAiczROoQJbRujWOv09AtKs5mfmM8SBFDXmYv/wlB94=", "last_login": "2025-05-24T14:06:12.993Z", "is_superuser": false, "username": "0968187979", "first_name": "gech", "last_name": "primarycoop 1", "email": "", "is_staff": false, "is_active": true, "date_joined": "2025-05-20T13:06:00.556Z", "phone_number": "0968187979", "role": "farmer", "number_of_farmers": null, "address": "bate", "active_services": [9, 1, 2, 6, 10, 11], "groups": [], "user_permissions": []}}, {"model": "accounts.user", "pk": 19, "fields": {"password": "pbkdf2_sha256$870000$0LwYk8GR6LrKXRZoZzm6q3$hQVxJ6l5dJNkkiZcb8tJjCsDBilJbnobEh7FGU2gWjw=", "last_login": "2025-05-22T15:07:30.110Z", "is_superuser": false, "username": "0912121212", "first_name": "firaol", "last_name": "primarycoop 1", "email": "", "is_staff": false, "is_active": true, "date_joined": "2025-05-20T13:28:59.098Z", "phone_number": "0912121212", "role": "farmer", "number_of_farmers": null, "address": "bate", "active_services": [6, 9, 11, 10, 2, 1], "groups": [], "user_permissions": []}}, {"model": "accounts.user", "pk": 20, "fields": {"password": "pbkdf2_sha256$870000$tgZlZXT9OIgu4bZRdyogZe$Ql94WgPxBD5E67XronE0KEQjAn0PkyJq8tJ+LweZFQg=", "last_login": "2025-05-24T14:28:56.868Z", "is_superuser": false, "username": "0988888888", "first_name": "fxc", "last_name": "primarycoop 1", "email": "", "is_staff": false, "is_active": true, "date_joined": "2025-05-20T14:17:14.299Z", "phone_number": "0988888888", "role": "farmer", "number_of_farmers": null, "address": "bate", "active_services": [6, 9, 10, 11, 2, 1, 12], "groups": [], "user_permissions": []}}, {"model": "accounts.user", "pk": 21, "fields": {"password": "pbkdf2_sha256$870000$CgbF1EA1VmqVJrAlYONiwV$CCM6eGKjdgEyxdILbu5k9GQghcP7NsK0WcdpwDmlrWI=", "last_login": "2025-05-22T19:38:42.810Z", "is_superuser": false, "username": "0911111111", "first_name": "gechdfdfdf", "last_name": "primarycoop 1", "email": "", "is_staff": false, "is_active": true, "date_joined": "2025-05-22T15:25:37.091Z", "phone_number": "0911111111", "role": "farmer", "number_of_farmers": null, "address": "bate", "active_services": [1, 2, 6, 9, 10, 11], "groups": [], "user_permissions": []}}, {"model": "accounts.user", "pk": 22, "fields": {"password": "pbkdf2_sha256$870000$tvZrLpmcUIB2peR7yrjsCp$mXwE/sdSTbknojmbl6XoqXvhi6VsZa7s5GyeNn3+nK8=", "last_login": "2025-05-23T09:22:54.386Z", "is_superuser": false, "username": "0922222222", "first_name": "shipuden", "last_name": "primarycoop 1", "email": "", "is_staff": false, "is_active": true, "date_joined": "2025-05-23T08:44:40.070Z", "phone_number": "0922222222", "role": "farmer", "number_of_farmers": null, "address": "bate", "active_services": [1, 2, 6, 9, 10, 11], "groups": [], "user_permissions": []}}, {"model": "accounts.user", "pk": 23, "fields": {"password": "pbkdf2_sha256$870000$fKFfTKIoPYKfxejTHlQrQr$1DM2ZQo701rlbje0OLPJNTkolGsKGgGeJL4oITdSTsc=", "last_login": "2025-05-24T00:15:42.994Z", "is_superuser": false, "username": "0933333333", "first_name": "madi", "last_name": "primarycoop 1", "email": "", "is_staff": false, "is_active": true, "date_joined": "2025-05-23T23:52:58.893Z", "phone_number": "0933333333", "role": "farmer", "number_of_farmers": null, "address": "bate", "active_services": [1, 2, 6, 9, 10, 11], "groups": [], "user_permissions": []}}, {"model": "accounts.registrationkey", "pk": 3, "fields": {"key": "LcnDlzCIMPMPHbf7pYBd", "for_role": "admin", "created_at": "2025-04-12T19:16:58.110Z", "created_by_role": "", "created_by_name": null, "name": null, "number_of_farmers": null, "address": null, "pc": null}}, {"model": "accounts.registrationkey", "pk": 4, "fields": {"key": "GUzlJNsmGKRcgKtZ9nv6", "for_role": "admin", "created_at": "2025-04-12T19:22:23.941Z", "created_by_role": "", "created_by_name": null, "name": null, "number_of_farmers": null, "address": null, "pc": null}}, {"model": "accounts.registrationkey", "pk": 5, "fields": {"key": "e8Vh9cBfWVjkQZ9FFUtm", "for_role": "admin", "created_at": "2025-04-12T19:34:28.358Z", "created_by_role": "", "created_by_name": null, "name": null, "number_of_farmers": null, "address": null, "pc": null}}, {"model": "accounts.registrationkey", "pk": 19, "fields": {"key": "1yd49L1NZWWgt9JzpkRu", "for_role": "farmer", "created_at": "2025-05-20T12:26:49.297Z", "created_by_role": "cooperative", "created_by_name": "primarycoop 1", "name": null, "number_of_farmers": null, "address": "bate", "pc": 9}}, {"model": "accounts.registrationkey", "pk": 21, "fields": {"key": "FF8Ys16gw0cud1RTbqlu", "for_role": "farmer", "created_at": "2025-05-20T13:27:33.646Z", "created_by_role": "cooperative", "created_by_name": "primarycoop 1", "name": null, "number_of_farmers": null, "address": "bate", "pc": 9}}, {"model": "accounts.registrationkey", "pk": 25, "fields": {"key": "BrS7xVVay1nPTuSwuU4Q", "for_role": "farmer", "created_at": "2025-05-23T09:29:20.956Z", "created_by_role": "cooperative", "created_by_name": "primarycoop 1", "name": null, "number_of_farmers": null, "address": "bate", "pc": 9}}, {"model": "accounts.registrationkey", "pk": 26, "fields": {"key": "8ETeBvnqe1SpCwPK6LTP", "for_role": "farmer", "created_at": "2025-05-23T09:29:21.855Z", "created_by_role": "cooperative", "created_by_name": "primarycoop 1", "name": null, "number_of_farmers": null, "address": "bate", "pc": 9}}, {"model": "accounts.registrationkey", "pk": 27, "fields": {"key": "LQoi4QDme4diYpXDihNQ", "for_role": "farmer", "created_at": "2025-05-23T09:29:22.369Z", "created_by_role": "cooperative", "created_by_name": "primarycoop 1", "name": null, "number_of_farmers": null, "address": "bate", "pc": 9}}, {"model": "accounts.registrationkey", "pk": 28, "fields": {"key": "vpco3vhFsVAsHi0ugHiX", "for_role": "farmer", "created_at": "2025-05-23T09:29:22.822Z", "created_by_role": "cooperative", "created_by_name": "primarycoop 1", "name": null, "number_of_farmers": null, "address": "bate", "pc": 9}}, {"model": "accounts.registrationkey", "pk": 29, "fields": {"key": "aqprAmvRVBmEOTcBhenz", "for_role": "farmer", "created_at": "2025-05-23T09:29:23.306Z", "created_by_role": "cooperative", "created_by_name": "primarycoop 1", "name": null, "number_of_farmers": null, "address": "bate", "pc": 9}}, {"model": "accounts.registrationkey", "pk": 30, "fields": {"key": "dh7bp2Sy0KwR4NFXS4EB", "for_role": "farmer", "created_at": "2025-05-23T09:29:23.811Z", "created_by_role": "cooperative", "created_by_name": "primarycoop 1", "name": null, "number_of_farmers": null, "address": "bate", "pc": 9}}, {"model": "accounts.registrationkey", "pk": 31, "fields": {"key": "2NLQeJ4xAJXfMd1K6egD", "for_role": "farmer", "created_at": "2025-05-23T09:29:25.814Z", "created_by_role": "cooperative", "created_by_name": "primarycoop 1", "name": null, "number_of_farmers": null, "address": "bate", "pc": 9}}, {"model": "accounts.registrationkey", "pk": 33, "fields": {"key": "XWWxv319Eeu7zkRDlBuq", "for_role": "cooperative", "created_at": "2025-05-23T19:41:18.840Z", "created_by_role": "admin", "created_by_name": "admin", "name": "primarycoop 7", "number_of_farmers": 45, "address": "chelenko chaf", "pc": null}}, {"model": "feedback.service", "pk": 1, "fields": {"name": "Default service", "name_am": null, "name_or": null, "description": "Description", "category": "None", "created_at": "2025-04-23T13:09:04.348Z"}}, {"model": "feedback.service", "pk": 2, "fields": {"name": "service 2", "name_am": null, "name_or": null, "description": "ldk", "category": "1", "created_at": "2025-04-23T13:16:24.061Z"}}, {"model": "feedback.service", "pk": 6, "fields": {"name": "session checking", "name_am": null, "name_or": null, "description": "changed localhost to 127.0.0.1", "category": "none", "created_at": "2025-04-24T17:44:24.544Z"}}, {"model": "feedback.service", "pk": 9, "fields": {"name": "new service", "name_am": null, "name_or": null, "description": "description", "category": "chat", "created_at": "2025-04-24T18:06:14.435Z"}}, {"model": "feedback.service", "pk": 10, "fields": {"name": "belche", "name_am": null, "name_or": null, "description": "mok mok lemalet", "category": "real Category", "created_at": "2025-05-19T14:38:36.874Z"}}, {"model": "feedback.service", "pk": 11, "fields": {"name": "new services", "name_am": null, "name_or": null, "description": "goma nw service miseraw", "category": "real Category", "created_at": "2025-05-19T16:17:28.126Z"}}, {"model": "feedback.service", "pk": 12, "fields": {"name": "bekolo english", "name_am": "በቆሎ", "name_or": "bekolo oromic", "description": "its just a bekolo", "category": "real Category", "created_at": "2025-05-23T14:25:32.301Z"}}, {"model": "feedback.feedback", "pk": 1, "fields": {"customer": 20, "service": 10, "message": "the first feedback is everything", "rating": 4, "sentiment": "positive", "sentiment_label_1": "", "sentiment_label_2": "", "message_in_english": "", "specific_service": null, "summarized": null, "created_at": "2025-05-20T19:30:11.488Z", "responses_remaining": 5}}, {"model": "feedback.feedback", "pk": 2, "fields": {"customer": 20, "service": 10, "message": "i dont think the textblob is going to work it is a few lines of code ", "rating": 5, "sentiment": "negative", "sentiment_label_1": "", "sentiment_label_2": "", "message_in_english": "", "specific_service": "ye awoday", "summarized": "", "created_at": "2025-05-20T19:54:07.788Z", "responses_remaining": 5}}, {"model": "feedback.feedback", "pk": 3, "fields": {"customer": 20, "service": 9, "message": "it is actually good average, i am just trying to reach the average label", "rating": 5, "sentiment": "positive", "sentiment_label_1": "", "sentiment_label_2": "", "message_in_english": "", "specific_service": "very very new service", "summarized": "", "created_at": "2025-05-20T21:04:26.720Z", "responses_remaining": 5}}, {"model": "feedback.feedback", "pk": 4, "fields": {"customer": 17, "service": 1, "message": "normal average neutral", "rating": 3, "sentiment": "neutral", "sentiment_label_1": "", "sentiment_label_2": "", "message_in_english": "", "specific_service": "default specific", "summarized": "", "created_at": "2025-05-21T21:56:18.112Z", "responses_remaining": 5}}, {"model": "feedback.feedback", "pk": 5, "fields": {"customer": 15, "service": 11, "message": "we paid our money to get a food contract for the month but the man said no over my dead body", "rating": 1, "sentiment": "negative", "sentiment_label_1": "", "sentiment_label_2": "", "message_in_english": "", "specific_service": "addis service", "summarized": "", "created_at": "2025-05-21T22:19:07.182Z", "responses_remaining": 5}}, {"model": "feedback.feedback", "pk": 6, "fields": {"customer": 17, "service": 9, "message": "we did go places and took pictures but it was nothing more than a waste of time", "rating": 2, "sentiment": "positive", "sentiment_label_1": "", "sentiment_label_2": "", "message_in_english": "", "specific_service": "culture day", "summarized": "", "created_at": "2025-05-21T22:37:35.361Z", "responses_remaining": 5}}, {"model": "feedback.feedback", "pk": 7, "fields": {"customer": 17, "service": 6, "message": "trust me i have tried everything", "rating": 3, "sentiment": "neutral", "sentiment_label_1": "", "sentiment_label_2": "", "message_in_english": "", "specific_service": "every thing", "summarized": "", "created_at": "2025-05-21T22:40:53.274Z", "responses_remaining": 5}}, {"model": "feedback.feedback", "pk": 8, "fields": {"customer": 17, "service": 2, "message": "it should work actually", "rating": 5, "sentiment": "neutral", "sentiment_label_1": "", "sentiment_label_2": "", "message_in_english": "", "specific_service": "now ", "summarized": "", "created_at": "2025-05-21T22:44:28.444Z", "responses_remaining": 5}}, {"model": "feedback.feedback", "pk": 9, "fields": {"customer": 17, "service": 10, "message": "can you imagine gech eating chat", "rating": 5, "sentiment": "neutral", "sentiment_label_1": "", "sentiment_label_2": "", "message_in_english": "", "specific_service": "awoday", "summarized": "", "created_at": "2025-05-21T22:45:49.493Z", "responses_remaining": 5}}, {"model": "feedback.feedback", "pk": 10, "fields": {"customer": 17, "service": 11, "message": "this is the last feedback of mine i am so done with you", "rating": 5, "sentiment": "neutral", "sentiment_label_1": "", "sentiment_label_2": "", "message_in_english": "", "specific_service": "lastone", "summarized": "", "created_at": "2025-05-21T22:47:31.498Z", "responses_remaining": 5}}, {"model": "feedback.feedback", "pk": 11, "fields": {"customer": 8, "service": 1, "message": "mike lost his phone but she is still not sad", "rating": 5, "sentiment": "positive", "sentiment_label_1": "", "sentiment_label_2": "", "message_in_english": "", "specific_service": "eka metal", "summarized": "", "created_at": "2025-05-21T22:52:43.809Z", "responses_remaining": 5}}, {"model": "feedback.feedback", "pk": 12, "fields": {"customer": 18, "service": 1, "message": "4 ኪሎ በግ ገዝቼ ነበር። ሳስበው ዶሮ ብገዛ ይሻለኝ ነበር፣ ኪሳራ ውስጥ ነው የገባሁት", "rating": 2, "sentiment": "neutral", "sentiment_label_1": "", "sentiment_label_2": "", "message_in_english": "'AUTO' IS AN INVALID SOURCE LANGUAGE . EXAMPLE: LANGPAIR=EN|IT USING 2 LETTER ISO OR RFC3066 LIKE ZH-CN. ALMOST ALL LANGUAGES SUPPORTED BUT SOME MAY HAVE NO CONTENT", "specific_service": "beg", "summarized": "", "created_at": "2025-05-22T06:38:09.877Z", "responses_remaining": 5}}, {"model": "feedback.feedback", "pk": 13, "fields": {"customer": 18, "service": 9, "message": "4 ኪሎ በግ ገዝቼ ነበር። ሳስበው ዶሮ ብገዛ ይሻለኝ ነበር፣ ኪሳራ ውስጥ ነው የገባሁት", "rating": 2, "sentiment": "neutral", "sentiment_label_1": "", "sentiment_label_2": "", "message_in_english": "'AUTO' IS AN INVALID SOURCE LANGUAGE . EXAMPLE: LANGPAIR=EN|IT USING 2 LETTER ISO OR RFC3066 LIKE ZH-CN. ALMOST ALL LANGUAGES SUPPORTED BUT SOME MAY HAVE NO CONTENT", "specific_service": "bere", "summarized": "", "created_at": "2025-05-22T06:57:07.601Z", "responses_remaining": 5}}, {"model": "feedback.feedback", "pk": 14, "fields": {"customer": 14, "service": 6, "message": "4 ኪሎ በግ ገዝቼ ነበር። ሳስበው ዶሮ ብገዛ ይሻለኝ ነበር፣ ኪሳራ ውስጥ ነው የገባሁት", "rating": 2, "sentiment": "neutral", "sentiment_label_1": "", "sentiment_label_2": "", "message_in_english": "I bought 4 kilos of lamb. I think I'd rather buy a chicken, I'm at a loss", "specific_service": "ahya", "summarized": "", "created_at": "2025-05-22T06:58:51.706Z", "responses_remaining": 5}}, {"model": "feedback.feedback", "pk": 15, "fields": {"customer": 14, "service": 10, "message": "Hoolaa kiiloo 4 bitadheen ture. Osoon hanqaaquu bitadhee natti tola, kasaaraa keessa jira.", "rating": 3, "sentiment": "neutral", "sentiment_label_1": "", "sentiment_label_2": "", "message_in_english": "Hoolaa kiiloo 4 bitadheen ture. Osoon hanqaaquu bitadhee natti tola, kasaaraa keessa jira.", "specific_service": "horse", "summarized": "", "created_at": "2025-05-22T07:12:55.336Z", "responses_remaining": 5}}, {"model": "feedback.feedback", "pk": 16, "fields": {"customer": 14, "service": 9, "message": "Hoolaa kiiloo 4 bitadheen ture. Osoon hanqaaquu bitadhee natti tola, kasaaraa keessa jira.", "rating": 5, "sentiment": "neutral", "sentiment_label_1": "", "sentiment_label_2": "", "message_in_english": "I bought 4 pounds of lamb. I was in the bathroom, I was in the bathroom.", "specific_service": "c4 2d", "summarized": "", "created_at": "2025-05-22T07:27:29.464Z", "responses_remaining": 5}}, {"model": "feedback.feedback", "pk": 17, "fields": {"customer": 15, "service": 2, "message": "\nHoolaa kiiloo 4 bitadheen ture. Yoon itti yaadu, osoon qamadii bitadhee naaf wayya ture. Dhumarratti maallaqa dhabeen ture.", "rating": 2, "sentiment": "neutral", "sentiment_label_1": "", "sentiment_label_2": "", "message_in_english": "I bought 4 pounds of lamb. If I had thought about it, I would have bought a wheatgrass. I finally ran out of money.", "specific_service": "cow ", "summarized": "", "created_at": "2025-05-22T07:39:28.564Z", "responses_remaining": 5}}, {"model": "feedback.feedback", "pk": 18, "fields": {"customer": 15, "service": 10, "message": "tajaajila suukaneessaadha ani tasumaa hin fakkeessuu", "rating": 2, "sentiment": "neutral", "sentiment_label_1": "", "sentiment_label_2": "", "message_in_english": "i will never be a servant", "specific_service": "dabo", "summarized": "", "created_at": "2025-05-22T07:42:03.408Z", "responses_remaining": 5}}, {"model": "feedback.feedback", "pk": 19, "fields": {"customer": 15, "service": 6, "message": "it is an awful service i do not like it at all", "rating": 3, "sentiment": "positive", "sentiment_label_1": "", "sentiment_label_2": "", "message_in_english": "PLEASE SELECT TWO DISTINCT LANGUAGES", "specific_service": "muz", "summarized": "", "created_at": "2025-05-22T07:42:55.570Z", "responses_remaining": 5}}, {"model": "feedback.feedback", "pk": 20, "fields": {"customer": 8, "service": 2, "message": "we paid our money to get a food contract for the month but the man said no over my dead body", "rating": 2, "sentiment": "positive", "sentiment_label_1": "", "sentiment_label_2": "", "message_in_english": "PLEASE SELECT TWO DISTINCT LANGUAGES", "specific_service": "computer", "summarized": "", "created_at": "2025-05-22T07:44:40.299Z", "responses_remaining": 5}}, {"model": "feedback.feedback", "pk": 21, "fields": {"customer": 8, "service": 2, "message": "we paid our money to get a food contract for the month but the man said no over my dead body", "rating": 2, "sentiment": "positive", "sentiment_label_1": "", "sentiment_label_2": "", "message_in_english": "PLEASE SELECT TWO DISTINCT LANGUAGES", "specific_service": "computer", "summarized": "", "created_at": "2025-05-22T07:44:47.506Z", "responses_remaining": 5}}, {"model": "feedback.feedback", "pk": 22, "fields": {"customer": 18, "service": 2, "message": "tajaajila suukaneessaadha ani tasumaa hin fakkeessuu", "rating": 2, "sentiment": "neutral", "sentiment_label_1": "", "sentiment_label_2": "", "message_in_english": "i will never be a servant", "specific_service": "tenserflow", "summarized": "", "created_at": "2025-05-22T07:47:59.895Z", "responses_remaining": 5}}, {"model": "feedback.feedback", "pk": 23, "fields": {"customer": 18, "service": 6, "message": "we paid our money to get a food contract for the month but the man said no over my dead body", "rating": 3, "sentiment": "positive", "sentiment_label_1": "", "sentiment_label_2": "", "message_in_english": "PLEASE SELECT TWO DISTINCT LANGUAGES", "specific_service": "server", "summarized": "", "created_at": "2025-05-22T07:49:20.549Z", "responses_remaining": 5}}, {"model": "feedback.feedback", "pk": 24, "fields": {"customer": 18, "service": 11, "message": "we paid our money to get a food contract for the month but the man said no over my dead body", "rating": 1, "sentiment": "negative", "sentiment_label_1": "", "sentiment_label_2": "", "message_in_english": "we paid our money to get a food contract for the month but the man said no over my dead body", "specific_service": "earphone", "summarized": "", "created_at": "2025-05-22T08:19:14.834Z", "responses_remaining": 5}}, {"model": "feedback.feedback", "pk": 25, "fields": {"customer": 15, "service": 9, "message": "Your delivery was incredibly fast, and the seeds were perfectly packaged. We appreciate the clear labeling and planting instructions. It made the entire process very smooth, and we're already seeing healthy sprouts", "rating": 5, "sentiment": "positive", "sentiment_label_1": "", "sentiment_label_2": "", "message_in_english": "Your delivery was incredibly fast, and the seeds were perfectly packaged. We appreciate the clear labeling and planting instructions. It made the entire process very smooth, and we're already seeing healthy sprouts", "specific_service": "sorghum", "summarized": "Could not summarize feedback at this time.", "created_at": "2025-05-22T15:04:03.471Z", "responses_remaining": 5}}, {"model": "feedback.feedback", "pk": 26, "fields": {"customer": 19, "service": 11, "message": "Your delivery was incredibly fast, and the seeds were perfectly packaged. We appreciate the clear labeling and planting instructions. It made the entire process very smooth, and we're already seeing healthy sprouts", "rating": 5, "sentiment": "positive", "sentiment_label_1": "", "sentiment_label_2": "", "message_in_english": "Your delivery was incredibly fast, and the seeds were perfectly packaged. We appreciate the clear labeling and planting instructions. It made the entire process very smooth, and we're already seeing healthy sprouts", "specific_service": "sorghum", "summarized": "the farmer praised the fast delivery, excellent packaging, clear labeling, and helpful planting instructions, resulting in healthy sprouts.", "created_at": "2025-05-22T15:12:30.610Z", "responses_remaining": 5}}, {"model": "feedback.feedback", "pk": 27, "fields": {"customer": 18, "service": 10, "message": "i liked it very good", "rating": 4, "sentiment": "positive", "sentiment_label_1": "", "sentiment_label_2": "", "message_in_english": "i liked it very well", "specific_service": "chat", "summarized": "", "created_at": "2025-05-22T19:36:19.631Z", "responses_remaining": 5}}, {"model": "feedback.feedback", "pk": 28, "fields": {"customer": 21, "service": 1, "message": "The seed varieties we received were exceptional! Germination rates were much higher than expected, and the plants have shown fantastic vigor. This has significantly boosted our yield expectations for the season. Highly recommend!", "rating": 5, "sentiment": "positive", "sentiment_label_1": "", "sentiment_label_2": "", "message_in_english": "The seed varieties we received were exceptional! Germination rates were much higher than expected, and the plants have shown fantastic vigor. This has significantly boosted our yield expectations for the season. Highly recommend!", "specific_service": "corn", "summarized": "the farmer praises the exceptional seed varieties provided, noting high germination rates, strong plant vigor, and significantly increased yield expectations. they highly recommend the service.", "created_at": "2025-05-22T19:39:28.594Z", "responses_remaining": 5}}, {"model": "feedback.feedback", "pk": 29, "fields": {"customer": 21, "service": 2, "message": "We've consistently relied on your service for high-quality seeds, and you never disappoint. The disease resistance in the 'EthioKing' maize variety we bought last season was remarkable, which saved us a lot of trouble. Excellent product and reliable service", "rating": 5, "sentiment": "positive", "sentiment_label_1": "", "sentiment_label_2": "", "message_in_english": "We've consistently relied on your service for high-quality seeds, and you never disappoint. The disease resistance in the 'EthioKing' maize variety we bought last season was remarkable, which saved us a lot of trouble. Excellent product and reliable service", "specific_service": "maize", "summarized": "the farmer praises the high quality and disease resistance of the 'ethioking' maize seeds, highlighting the reliable service and excellent product.", "created_at": "2025-05-22T19:39:58.348Z", "responses_remaining": 5}}, {"model": "feedback.feedback", "pk": 30, "fields": {"customer": 21, "service": 6, "message": "While the seed quality itself seems good, we had some issues with the ordering process online. It was a bit confusing to navigate, and we weren't sure if our order went through initially. Improving the website's user experience would be a great help", "rating": 5, "sentiment": "positive", "sentiment_label_1": "", "sentiment_label_2": "", "message_in_english": "While the seed quality itself seems good, we had some issues with the ordering process online. It was a bit confusing to navigate, and we weren't sure if our order went through initially. Improving the website's user experience would be a great help", "specific_service": "seed", "summarized": "farmers found the online ordering process confusing and suggest improving the website's user experience to clarify order confirmation.", "created_at": "2025-05-22T19:40:29.835Z", "responses_remaining": 5}}, {"model": "feedback.feedback", "pk": 31, "fields": {"customer": 21, "service": 9, "message": "While the seed quality itself seems good, we had some issues with the ordering process online. It was a bit confusing to navigate, and we weren't sure if our order went through initially. Improving the website's user experience would be a great help", "rating": 5, "sentiment": "positive", "sentiment_label_1": "", "sentiment_label_2": "", "message_in_english": "While the seed quality itself seems good, we had some issues with the ordering process online. It was a bit confusing to navigate, and we weren't sure if our order went through initially. Improving the website's user experience would be a great help", "specific_service": "web", "summarized": "farmers reported confusion with the online ordering process, recommending improvements to the website's user experience for clarity and confirmation.", "created_at": "2025-05-22T19:40:58.983Z", "responses_remaining": 5}}, {"model": "feedback.feedback", "pk": 32, "fields": {"customer": 21, "service": 10, "message": "The technical support regarding optimal planting times for our specific region could be more detailed. We received general advice, but more localized recommendations, perhaps through a knowledge base or direct consultation, would be very beneficial for farmers like us", "rating": 5, "sentiment": "positive", "sentiment_label_1": "", "sentiment_label_2": "", "message_in_english": "The technical support regarding optimal planting times for our specific region could be more detailed. We received general advice, but more localized recommendations, perhaps through a knowledge base or direct consultation, would be very beneficial for farmers like us", "specific_service": "advice", "summarized": "the farmer requests more detailed, region-specific planting advice, suggesting a knowledge base or direct consultations as improvements.", "created_at": "2025-05-22T19:41:17.385Z", "responses_remaining": 5}}, {"model": "feedback.feedback", "pk": 33, "fields": {"customer": 22, "service": 2, "message": "def generate_recommendations(request):\n    \"\"\"\n    Generates recommendations for each service based on summarized feedbacks.\n    Only non-empty summarized feedbacks are used.\n    \"\"\"\n    feedbacks = load_all_feedback()\n    service_feedbacks = {}\n    service_cache = {}\n\n    for fb in feedbacks:\n        summarized = fb.get('summarized', '').strip()\n        service_id = fb.get('service_id')\n        if not summarized:\n            continue  # Skip empty summaries\n        if service_id not in service_feedbacks:\n            service_feedbacks[service_id] = []\n        service_feedbacks[service_id].append(summarized)\n\n    results = []\n    for service_id, summaries in service_feedbacks.items():\n        # Get service name (cache to avoid repeated DB hits)\n        if service_id not in service_cache:\n            try:\n                service_cache[service_id] = Service.objects.get(id=service_id).name\n            except Service.DoesNotExist:\n                service_cache[service_id] = None\n        service_name = service_cache[service_id]\n        recommendations = generate_recommendations_from_feedbacks(summaries, service_name)\n        results.append({\n            \"service_id\": service_id,\n            \"service_name\": service_name,\n            \"recommendations\": recommendations,\n            \"feedback_count\": len(summaries)\n        })\n\n    return JsonResponse(results, safe=False)", "rating": 3, "sentiment": "negative", "sentiment_label_1": "", "sentiment_label_2": "", "message_in_english": "def generate_recommendations(request):\n    \"\"\"\n    Generates recommendations for each service based on summarized feedbacks.\n    Only non-empty summarized feedbacks are used.\n    \"\"\"\n    feedbacks = load_all_feedback()\n    service_feedbacks = {}\n    service_cache = {}\n\n    for fb in feedbacks:\n        summarized = fb.get('summarized', '').strip()\n        service_id = fb.get('service_id')\n        if not summarized:\n            continue  # Skip empty summaries\n        if service_id not in service_feedbacks:\n            service_feedbacks[service_id] = []\n        service_feedbacks[service_id].append(summarized)\n\n    results = []\n    for service_id, summaries in service_feedbacks.items():\n        # Get service name (cache to avoid repeated DB hits)\n        if service_id not in service_cache:\n            try:\n                service_cache[service_id] = Service.objects.get(id=service_id).name\n            except Service.DoesNotExist:\n                service_cache[service_id] = None\n        service_name = service_cache[service_id]\n        recommendations = generate_recommendations_from_feedbacks(summaries, service_name)\n        results.append({\n            \"service_id\": service_id,\n            \"service_name\": service_name,\n            \"recommendations\": recommendations,\n            \"feedback_count\": len(summaries)\n        })\n\n    return JsonResponse(results, safe=False)", "specific_service": "fgh", "summarized": "", "created_at": "2025-05-23T09:24:25.426Z", "responses_remaining": 5}}, {"model": "feedback.feedback", "pk": 34, "fields": {"customer": 22, "service": 6, "message": "def generate_recommendations(request):\n    \"\"\"\n    Generates recommendations for each service based on summarized feedbacks.\n    Only non-empty summarized feedbacks are used.\n    \"\"\"\n    feedbacks = load_all_feedback()\n    service_feedbacks = {}\n    service_cache = {}\n\n    for fb in feedbacks:\n        summarized = fb.get('summarized', '').strip()\n        service_id = fb.get('service_id')\n        if not summarized:\n            continue  # Skip empty summaries\n        if service_id not in service_feedbacks:\n            service_feedbacks[service_id] = []\n        service_feedbacks[service_id].append(summarized)\n\n    results = []\n    for service_id, summaries in service_feedbacks.items():\n        # Get service name (cache to avoid repeated DB hits)\n        if service_id not in service_cache:\n            try:\n                service_cache[service_id] = Service.objects.get(id=service_id).name\n            except Service.DoesNotExist:\n                service_cache[service_id] = None\n        service_name = service_cache[service_id]\n        recommendations = generate_recommendations_from_feedbacks(summaries, service_name)\n        results.append({\n            \"service_id\": service_id,\n            \"service_name\": service_name,\n            \"recommendations\": recommendations,\n            \"feedback_count\": len(summaries)\n        })\n\n    return JsonResponse(results, safe=False)", "rating": 3, "sentiment": "negative", "sentiment_label_1": "", "sentiment_label_2": "", "message_in_english": "def generate_recommendations(request):\n    \"\"\"\n    Generates recommendations for each service based on summarized feedbacks.\n    Only non-empty summarized feedbacks are used.\n    \"\"\"\n    feedbacks = load_all_feedback()\n    service_feedbacks = {}\n    service_cache = {}\n\n    for fb in feedbacks:\n        summarized = fb.get('summarized', '').strip()\n        service_id = fb.get('service_id')\n        if not summarized:\n            continue  # Skip empty summaries\n        if service_id not in service_feedbacks:\n            service_feedbacks[service_id] = []\n        service_feedbacks[service_id].append(summarized)\n\n    results = []\n    for service_id, summaries in service_feedbacks.items():\n        # Get service name (cache to avoid repeated DB hits)\n        if service_id not in service_cache:\n            try:\n                service_cache[service_id] = Service.objects.get(id=service_id).name\n            except Service.DoesNotExist:\n                service_cache[service_id] = None\n        service_name = service_cache[service_id]\n        recommendations = generate_recommendations_from_feedbacks(summaries, service_name)\n        results.append({\n            \"service_id\": service_id,\n            \"service_name\": service_name,\n            \"recommendations\": recommendations,\n            \"feedback_count\": len(summaries)\n        })\n\n    return JsonResponse(results, safe=False)", "specific_service": "khj", "summarized": "", "created_at": "2025-05-23T09:24:45.158Z", "responses_remaining": 5}}, {"model": "feedback.feedback", "pk": 35, "fields": {"customer": 22, "service": 10, "message": "st", "rating": 1, "sentiment": "neutral", "sentiment_label_1": "", "sentiment_label_2": "", "message_in_english": "St", "specific_service": "yu", "summarized": "", "created_at": "2025-05-23T09:25:26.901Z", "responses_remaining": 5}}, {"model": "feedback.feedback", "pk": 36, "fields": {"customer": 22, "service": 9, "message": "u", "rating": 1, "sentiment": "neutral", "sentiment_label_1": "", "sentiment_label_2": "", "message_in_english": "u", "specific_service": "yu", "summarized": "", "created_at": "2025-05-23T09:25:48.332Z", "responses_remaining": 5}}, {"model": "feedback.feedback", "pk": 37, "fields": {"customer": 22, "service": 11, "message": "k", "rating": 5, "sentiment": "neutral", "sentiment_label_1": "", "sentiment_label_2": "", "message_in_english": "k", "specific_service": "k", "summarized": "", "created_at": "2025-05-23T09:25:59.476Z", "responses_remaining": 5}}, {"model": "feedback.feedback", "pk": 38, "fields": {"customer": 8, "service": 1, "message": "gh", "rating": 5, "sentiment": "neutral", "sentiment_label_1": "", "sentiment_label_2": "", "message_in_english": "GH", "specific_service": "h", "summarized": "", "created_at": "2025-05-23T21:28:06.250Z", "responses_remaining": 5}}, {"model": "feedback.feedback", "pk": 39, "fields": {"customer": 23, "service": 1, "message": "Before the cooperative, we struggled to find good-quality seeds. Now, I get them on time, and my harvest has improved so much. I feel like I finally have control over my farm’s future", "rating": 5, "sentiment": "positive", "sentiment_label_1": "", "sentiment_label_2": "", "message_in_english": "Before the cooperative, we struggled to find good-quality seeds. Now, I get them on time, and my harvest has improved so much. I feel like I finally have control over my farm’s future", "specific_service": "seeds", "summarized": "the farmer appreciates the timely delivery of good quality seeds through the cooperative, leading to a better harvest and improved farm prospects.", "created_at": "2025-05-24T00:03:30.364Z", "responses_remaining": 5}}, {"model": "feedback.feedback", "pk": 40, "fields": {"customer": 23, "service": 2, "message": "The farming advice we receive has been a game-changer. The experts at the cooperative taught us how to improve soil health, and now my land yields more than ever before", "rating": 5, "sentiment": "positive", "sentiment_label_1": "", "sentiment_label_2": "", "message_in_english": "The farming advice we receive has been a game-changer. The experts at the cooperative taught us how to improve soil health, and now my land yields more than ever before", "specific_service": "advice", "summarized": "service 2's farming advice significantly improved soil health and crop yields.", "created_at": "2025-05-24T00:07:59.276Z", "responses_remaining": 5}}, {"model": "feedback.feedback", "pk": 41, "fields": {"customer": 23, "service": 6, "message": "I used to have trouble affording fertilizer, but with the cooperative’s help, I can buy what I need at a fair price. It makes all the difference", "rating": 5, "sentiment": "positive", "sentiment_label_1": "neutral", "sentiment_label_2": "positive", "message_in_english": "I used to have trouble affording fertilizer, but with the cooperative’s help, I can buy what I need at a fair price. It makes all the difference", "specific_service": "fertilizer", "summarized": "the cooperative's help with affordable fertilizer has significantly improved the farmer's ability to purchase necessary supplies.", "created_at": "2025-05-24T00:16:25.993Z", "responses_remaining": 5}}, {"model": "feedback.feedback", "pk": 42, "fields": {"customer": 23, "service": 9, "message": "Some months, the seeds arrive late, and by then, the rains have already started. It throws off our planting schedule, and we lose valuable time", "rating": 5, "sentiment": "negative", "sentiment_label_1": "neutral", "sentiment_label_2": "negative", "message_in_english": "Some months, the seeds arrive late, and by then, the rains have already started. It throws off our planting schedule, and we lose valuable time", "specific_service": "seed", "summarized": "late seed deliveries conflict with the rainy season, disrupting planting schedules and causing time loss.", "created_at": "2025-05-24T00:19:22.722Z", "responses_remaining": 5}}, {"model": "feedback.feedback", "pk": 43, "fields": {"customer": 18, "service": 1, "message": "lkj", "rating": 5, "sentiment": "neutral", "sentiment_label_1": "negative", "sentiment_label_2": "neutral", "message_in_english": "lkj", "specific_service": "k", "summarized": "", "created_at": "2025-05-24T14:06:37.158Z", "responses_remaining": 5}}, {"model": "insights.savedrecommendation", "pk": 1, "fields": {"recommendations": "[\"Late seed deliveries negatively impact planting schedules and yields\", \"The cooperative's provision of affordable fertilizer is highly valued and effective\", \"Farmers require more detailed, region-specific planting advice, potentially through a knowledge base or direct consultations\", \"The online seed ordering system needs significant user experience improvements for clarity and order confirmation\", \"High-quality seeds, particularly the 'ethioking' maize variety, are praised for their performance and disease resistance\", \"Fast and well-packaged seed deliveries with clear instructions are appreciated.\"]", "filters": "{\"category\": \"\", \"service\": \"\", \"cooperative\": \"\", \"sentiment\": \"\", \"dateFrom\": \"\", \"dateTo\": \"\"}", "created_at": "2025-05-24T20:15:08.981Z"}}, {"model": "insights.savedrecommendation", "pk": 2, "fields": {"recommendations": "[\"Overwhelmingly positive feedback regarding seed quality and timely delivery through the cooperative\", \"High germination rates and strong plant vigor of the provided seed varieties are consistently praised, leading to increased yield expectations\", \"Farmers highly recommend the cooperative's seed provision service due to its positive impact on harvest and farm prospects\", \"No negative feedback or concerns were expressed in the provided farmer statements.\", \"The positive feedback strongly suggests continued investment in the current seed supply chain and varieties.\", \"Further farmer surveys may reveal additional needs or concerns not captured in the initial feedback.\"]", "filters": "{\"category\": \"None\", \"service\": \"\", \"cooperative\": \"\", \"sentiment\": \"\", \"dateFrom\": \"\", \"dateTo\": \"\"}", "created_at": "2025-05-24T20:30:59.618Z"}}]